{
    "pattrstorage": {
        "name": "colors",
        "slots": {
            "1": {
                "id": 1,
                "name": "Preset 1",
                "data": {
                    "preset_metadata": [ "{\"color\":[0,0.502,0.502,0.502,1],\"uid\":\"a322b36b-1aba-415c-9083-d8df678268b7\"}" ],
                    "u099005226": [ -0.23, -0.5700000000000001, 0.26, 0.02, 0.72, -0.18, -0.46, 0.4, 0.16, -0.92, 0.77, 0.9500000000000001, -0.37, 0.25, -0.07, -0.38 ]
                }
            },
            "2": {
                "id": 2,
                "name": "Preset 2",
                "data": {
                    "preset_metadata": [ "{\"color\":[0,0.502,0.502,0.502,1],\"uid\":\"416cad49-d949-4d13-ad8b-4c8d16422e95\"}" ],
                    "u099005226": [ -0.64, 0.47000000000000003, -0.3, -0.7000000000000001, 0.55, 0.59, -0.38, 0.28, 0.9, 0.19, -0.8, 0.66, -0.2, -0.1, -0.65, -0.8300000000000001 ]
                }
            },
            "3": {
                "id": 3,
                "name": "Preset 3",
                "data": {
                    "preset_metadata": [ "{\"color\":[0,0.502,0.502,0.502,1],\"uid\":\"a5ea784b-e1d8-45af-9415-ae4ee863ee15\"}" ],
                    "u099005226": [ -0.02, 0.65, -0.24, 0.6900000000000001, -0.21, -0.34, 0.63, 0.93, 0.48, 0.32, 0.28, 0.11, -0.52, -0.08, -0.63, -0.85 ]
                }
            },
            "4": {
                "id": 4,
                "name": "Preset 4",
                "data": {
                    "preset_metadata": [ "{\"color\":[0,0.502,0.502,0.502,1],\"uid\":\"e6da1028-1f9d-46b2-9317-df7336e277da\"}" ],
                    "u099005226": [ 0.62, -0.84, -0.89, 0.8200000000000001, -0.19, -0.96, -0.92, -0.92, 0.37, -0.3, 0.91, 0.78, -0.75, 0.64, 0.96, -0.45 ]
                }
            },
            "5": {
                "id": 5,
                "name": "Preset 5",
                "data": {
                    "preset_metadata": [ "{\"color\":[0,0.502,0.502,0.502,1],\"uid\":\"c6499b4a-1dcf-4b1e-a4fc-a546020b26d9\"}" ],
                    "u099005226": [ 0.84, 0.31, 0.14, -0.26, -0.92, 0.79, -0.59, -0.77, -0.88, -0.35000000000000003, 0.87, -0.8, -0.96, -0.87, -0.86, -0.38 ]
                }
            },
            "6": {
                "id": 6,
                "name": "Preset 6",
                "data": {
                    "preset_metadata": [ "{\"color\":[0,0.502,0.502,0.502,1],\"uid\":\"47896b3c-65df-4c56-a8eb-c2fe0553472a\"}" ],
                    "u099005226": [ 0.22, -0.6900000000000001, -0.06, -0.8, -0.47000000000000003, 0.16, 0.61, -0.75, 0.98, -0.12, -0.3, 0.11, -0.02, -0.2, 0.6, -0.5700000000000001 ]
                }
            },
            "7": {
                "id": 7,
                "name": "Preset 7",
                "data": {
                    "preset_metadata": [ "{\"color\":[0,0.502,0.502,0.502,1],\"uid\":\"2f1aaecc-cd1e-4a81-82d2-d46c9136cfa5\"}" ],
                    "u099005226": [ 0.9400000000000001, 0.3, -0.37, -0.37, -0.43, 0.31, 0.89, -0.43, -0.12, 0.11, -0.33, -0.19, 0.02, 0.32, 0.45, -0.8200000000000001 ]
                }
            },
            "8": {
                "id": 8,
                "name": "Preset 8",
                "data": {
                    "preset_metadata": [ "{\"color\":[0,0.502,0.502,0.502,1],\"uid\":\"9f47c706-f761-4c58-afdf-28c65ade9cb3\"}" ],
                    "u099005226": [ -0.88, 0.42, -0.45, 0.11, -0.6900000000000001, -0.09, -0.9400000000000001, 0.08, -0.63, 0.5, -0.22, 0.87, -0.38, 0.37, -0.33, -0.52 ]
                }
            },
            "9": {
                "id": 9,
                "name": "Preset 9",
                "data": {
                    "preset_metadata": [ "{\"color\":[0,0.502,0.502,0.502,1],\"uid\":\"d1be0a1d-7a3b-4613-80e4-0b0efa3ab660\"}" ],
                    "u099005226": [ -0.29, 0.63, -0.6900000000000001, 0.53, 0.8, 0.04, -0.98, -0.03, -0.61, 0.05, -0.5, 0.02, -0.71, 0.67, -0.97, 0.58 ]
                }
            },
            "10": {
                "id": 10,
                "name": "Preset 10",
                "data": {
                    "preset_metadata": [ "{\"color\":[0,0.502,0.502,0.502,1],\"uid\":\"26cc337d-6bcf-43ab-908b-1f7eb276388c\"}" ],
                    "u099005226": [ 0.01, 0.39, -0.99, -0.93, 0.62, -0.76, 0.97, 0.44, -0.54, -0.72, -0.18, -0.04, -0.28, 0.42, 0.9, -0.71 ]
                }
            },
            "11": {
                "id": 11,
                "name": "Preset 11",
                "data": {
                    "preset_metadata": [ "{\"color\":[0,0.502,0.502,0.502,1],\"uid\":\"8485a630-8039-487c-8bc3-9aa9b7775009\"}" ],
                    "u099005226": [ -0.34, 0.41000000000000003, 0.15, 0.79, 0.98, 0.97, 0.03, 0.74, -0.43, -0.9, -0.79, 0.65, -0.81, 0.0, 0.87, 0.18 ]
                }
            },
            "12": {
                "id": 12,
                "name": "Preset 12",
                "data": {
                    "preset_metadata": [ "{\"color\":[0,0.502,0.502,0.502,1],\"uid\":\"47516903-29a3-489f-8ac1-3719e4a8b1f4\"}" ],
                    "u099005226": [ 0.17, 0.27, -0.16, -0.39, -0.88, -0.56, 0.9500000000000001, -0.92, 0.6900000000000001, 0.63, 0.38, 0.04, -0.1, -0.72, -0.33, -0.37 ]
                }
            },
            "13": {
                "id": 13,
                "name": "Preset 13",
                "data": {
                    "preset_metadata": [ "{\"color\":[0,0.502,0.502,0.502,1],\"uid\":\"c41a028f-0eb6-4e7c-9b77-175ef06a865a\"}" ],
                    "u099005226": [ -0.92, 0.78, 0.42, -0.32, 0.26, -0.7000000000000001, -0.81, -0.2, 0.06, -0.39, -0.17, 0.39, 0.22, 0.75, -0.1, -0.42 ]
                }
            },
            "14": {
                "id": 14,
                "name": "Preset 14",
                "data": {
                    "preset_metadata": [ "{\"color\":[0,0.502,0.502,0.502,1],\"uid\":\"543722ae-5744-44d8-881f-b7922c4c345c\"}" ],
                    "u099005226": [ -0.37, 0.19, -0.54, -0.25, -0.6900000000000001, -0.32, -0.13, -0.03, 0.05, -0.42, -0.08, 0.72, 0.48, 0.15, 0.48, -0.56 ]
                }
            },
            "15": {
                "id": 15,
                "name": "Preset 15",
                "data": {
                    "preset_metadata": [ "{\"color\":[0,0.502,0.502,0.502,1],\"uid\":\"b7f4a192-656d-4b7c-a81e-94dac376c7c4\"}" ],
                    "u099005226": [ -0.18, -0.99, -0.29, 0.89, 0.26, -0.14, 0.28, -0.34, 0.1, 0.7000000000000001, 0.6, -0.74, -0.87, 0.67, 0.9, 0.03 ]
                }
            },
            "16": {
                "id": 16,
                "name": "Preset 16",
                "data": {
                    "preset_metadata": [ "{\"color\":[0,0.502,0.502,0.502,1],\"uid\":\"30425c06-ee40-4cb5-8ceb-87354fc78627\"}" ],
                    "u099005226": [ 0.5700000000000001, 0.13, -0.42, -1.0, -0.73, 0.64, -0.64, 0.84, -0.06, -0.68, -0.51, -0.9400000000000001, 0.02, -0.31, 0.87, -0.85 ]
                }
            },
            "17": {
                "id": 17,
                "name": "Preset 17",
                "data": {
                    "preset_metadata": [ "{\"color\":[0,0.502,0.502,0.502,1],\"uid\":\"8ffd1cfb-81b9-4520-83e9-457a7575f8e1\"}" ],
                    "u099005226": [ 0.7000000000000001, -0.67, -0.33, -0.58, -0.26, -0.8, 0.3, 0.6900000000000001, 0.18, -0.65, 0.39, -0.5700000000000001, 0.11, 0.98, 0.77, 0.59 ]
                }
            },
            "18": {
                "id": 18,
                "name": "Preset 18",
                "data": {
                    "preset_metadata": [ "{\"color\":[0,0.502,0.502,0.502,1],\"uid\":\"f623fb60-d94e-49ec-b63f-d677f50cb1e0\"}" ],
                    "u099005226": [ 0.0, 0.34, 0.72, 0.01, -0.9400000000000001, -0.24, -0.25, -0.67, 0.77, -0.63, -0.06, 0.54, -0.81, 0.19, 0.91, -0.64 ]
                }
            },
            "19": {
                "id": 19,
                "name": "Preset 19",